{
    "Data BCDEFG decay mode =  0": {
        "alpha": 13.773094478855745, 
        "m_{0}": 38.73447611695629, 
        "sigma": 7.407431850780567, 
        "norm": 0.999999999045921, 
        "n": 1.2242791989806183
    }, 
    "Data BCDEFG decay mode =  1": {
        "alpha": 6.837452816365016, 
        "m_{0}": 36.690947837524625, 
        "sigma": 4.615715187723146, 
        "norm": 0.9999998778570275, 
        "n": 1.3923658691165495
    }, 
    "MC decay mode = 10": {
        "alpha": 2.0072577361956396, 
        "m_{0}": 40.034392442679504, 
        "sigma": 5.013762507971054, 
        "norm": 0.9912887339725038, 
        "n": 123.76902846216875
    }, 
    "Data H decay mode =  0": {
        "alpha": 3.500600380048809, 
        "m_{0}": 37.7424547979561, 
        "sigma": 6.84005893732063, 
        "norm": 0.9504369755977795, 
        "n": 128.3733445027315
    }, 
    "Data H decay mode =  1": {
        "alpha": 5.72135257930639, 
        "m_{0}": 37.050606989147354, 
        "sigma": 5.626517026772587, 
        "norm": 0.9999999419741759, 
        "n": 2.191731999535899
    }, 
    "Data BCDEFG decay mode = 10": {
        "alpha": 5.586768802617782, 
        "m_{0}": 42.83389974719572, 
        "sigma": 6.618279442098442, 
        "norm": 0.9846027163460338, 
        "n": 138.11526635111798
    }, 
    "Data H decay mode = 10": {
        "alpha": 0.8394455707029426, 
        "m_{0}": 37.512075693808484, 
        "sigma": 3.7419844029603437, 
        "norm": 0.9999998725199684, 
        "n": 7.521014293044645
    }, 
    "MC decay mode =  0": {
        "alpha": 11.139690096268433, 
        "m_{0}": 38.40062512717636, 
        "sigma": 6.880123201583417, 
        "norm": 0.999999986561927, 
        "n": 1.5069036953587036
    }, 
    "MC decay mode =  1": {
        "alpha": 5.5715514431807485, 
        "m_{0}": 36.19161339284503, 
        "sigma": 4.354633288490193, 
        "norm": 0.9999999897484987, 
        "n": 1.6738765374606683
    }
}
