{"Ltm2p0": [0.02191248969181728, 0.018886100827551135, 0.004067345020494356, 0.008459151500854904, 0.025613469132750085], "m2p0tom1p57": [0.028553093905426433, 0.01467234738471574, 0.004361762289887423, 0.004860661049902731, 0.01401340162737329], "m1p57tom1p44": [1.0, 1.0, 1.0, 1.0, 1.0], "m1p44tom1p0": [0.035706486302580276, 0.016591361466863876, 0.007823613086770796, 0.015186576461095587, 0.011416620628015704], "m1p0tom0p5": [0.035706486302580276, 0.016591361466863876, 0.007823613086770796, 0.015186576461095587, 0.011416620628015704], "m0p5to0p0": [0.02648784789712947, 0.015429215029958731, 0.003758707142519805, 0.007369724042955225, 0.011642906094047174], "0p0to0p5": [0.02648784789712947, 0.015429215029958731, 0.003758707142519805, 0.007369724042955225, 0.011642906094047174], "0p5to1p0": [0.02648784789712947, 0.015429215029958731, 0.003758707142519805, 0.007369724042955225, 0.011642906094047174], "1p0to1p44": [0.03582485411214612, 0.016591361466863876, 0.007823613086770796, 0.015186576461095587, 0.011416620628015704], "1p44to1p57": [1.0, 1.0, 1.0, 1.0, 1.0], "1p57to2p0": [0.028553093905426433, 0.01467234738471574, 0.004361762289887423, 0.00497805946070546, 0.013819269959814182], "Gt2p0": [0.02191248969181728, 0.018886100827551135, 0.004067345020494356, 0.008459151500854904, 0.025781307161894484], "binedges_eta": [-2.5, -2.0, -1.566, -1.444, -1.0, -0.5, 0.0, 0.5, 1.0, 1.444, 1.566, 2.0, 2.5], "binedges_pt": [10.0, 20.0, 45.0, 75.0, 100.0, 500.0]}