{"Ltm2p0": [1.0663264989852903, 1.0270270109176636, 1.0207715034484863, 1.004087209701538, 1.040145993232727], "m2p0tom1p57": [1.0209790468215942, 1.003252029418945, 1.0054495334625244, 1.0128204822540283, 1.0140844583511353], "m1p57tom1p44": [1.0, 1.0, 1.0, 1.0, 1.0], "m1p44tom1p0": [0.9948453903198242, 0.9842105507850648, 0.983263611793518, 0.985602080821991, 1.014492750167847], "m1p0tom0p5": [0.9948453903198242, 0.9842105507850648, 0.983263611793518, 0.985602080821991, 1.014492750167847], "m0p5to0p0": [0.9596602916717528, 0.9608150720596312, 0.9686684012413024, 0.9691738486289978, 1.001165509223938], "0p0to0p5": [0.9702759981155396, 0.990491271018982, 0.9907407164573668, 0.9850373864173888, 1.0153120756149292], "0p5to1p0": [0.9702759981155396, 0.990491271018982, 0.9907407164573668, 0.9850373864173888, 1.0153120756149292], "1p0to1p44": [0.9820512533187866, 0.9840142130851746, 0.9886685609817504, 0.9920634627342224, 1.0085365772247314], "1p44to1p57": [1.0, 1.0, 1.0, 1.0, 1.0], "1p57to2p0": [1.0262529850006104, 0.9917762875556946, 0.9986394643783568, 0.9936143159866332, 0.9930796027183532], "Gt2p0": [1.044009804725647, 1.02482271194458, 1.0073529481887815, 0.9972899556159972, 1.0084134340286257], "binedges_eta": [-2.5, -2.0, -1.566, -1.444, -1.0, -0.5, 0.0, 0.5, 1.0, 1.444, 1.566, 2.0, 2.5], "binedges_pt": [10.0, 20.0, 45.0, 75.0, 100.0, 500.0]}