{"Ltm2p0": [0.02092765869443225, 0.01846646856101126, 0.005169867060561291, 0.006656222127128265, 0.02571128316198898], "m2p0tom1p57": [0.03208435816135095, 0.014740602107375192, 0.0070415796002644745, 0.006501088110333223, 0.01732794765399246], "m1p57tom1p44": [1.0, 1.0, 1.0, 1.0, 1.0], "m1p44tom1p0": [0.029338591800805492, 0.017563767645306715, 0.006126351290991941, 0.01346676940161765, 0.012391127340207524], "m1p0tom0p5": [0.029338591800805492, 0.017563767645306715, 0.006126351290991941, 0.01346676940161765, 0.012391127340207524], "m0p5to0p0": [0.019466157983962062, 0.01578012954649396, 0.00410315242995961, 0.003161202426281925, 0.009536508843643631], "0p0to0p5": [0.019255156207236807, 0.01578012954649396, 0.00410315242995961, 0.003161202426281925, 0.009536508843643631], "0p5to1p0": [0.019255156207236807, 0.01578012954649396, 0.00410315242995961, 0.003161202426281925, 0.009536508843643631], "1p0to1p44": [0.029338591800805492, 0.017563767645306715, 0.006126351290991941, 0.01346676940161765, 0.012391127340207524], "1p44to1p57": [1.0, 1.0, 1.0, 1.0, 1.0], "1p57to2p0": [0.03223030747338787, 0.014740602107375192, 0.0070415796002644745, 0.006397952655150377, 0.017158675047996123], "Gt2p0": [0.02092765869443225, 0.01846646856101126, 0.005169867060561291, 0.006656222127128265, 0.025736150730100032], "binedges_eta": [-2.5, -2.0, -1.566, -1.444, -1.0, -0.5, 0.0, 0.5, 1.0, 1.444, 1.566, 2.0, 2.5], "binedges_pt": [10.0, 20.0, 45.0, 75.0, 100.0, 500.0]}