{"Ltm2p0": [1.1283422708511353, 1.0518518686294556, 1.0317699909210205, 1.0180054903030396, 1.0223325490951538], "m2p0tom1p57": [1.08591890335083, 1.0248756408691406, 1.022099494934082, 1.016817569732666, 1.0273483991622925], "m1p57tom1p44": [1.0, 1.0, 1.0, 1.0, 1.0], "m1p44tom1p0": [1.052910089492798, 1.001788854598999, 0.9928977489471436, 0.9959999918937684, 1.0085889101028442], "m1p0tom0p5": [1.052910089492798, 1.001788854598999, 0.9928977489471436, 0.9959999918937684, 1.0085889101028442], "m0p5to0p0": [1.0, 0.96768981218338, 0.9653333425521852, 0.963476061820984, 0.989349126815796], "0p0to0p5": [0.9739696383476256, 0.9760383367538452, 0.9721854329109192, 0.9700000286102296, 0.9929328560829164], "0p5to1p0": [0.9739696383476256, 0.9760383367538452, 0.9721854329109192, 0.9700000286102296, 0.9929328560829164], "1p0to1p44": [1.061994552612305, 0.994584858417511, 0.9886040091514589, 0.9840637445449828, 1.0012210607528689], "1p44to1p57": [1.0, 1.0, 1.0, 1.0, 1.0], "1p57to2p0": [1.0194175243377686, 1.0033501386642456, 1.0123966932296753, 1.016883134841919, 0.9988080859184264], "Gt2p0": [1.132992386817932, 1.0346083641052246, 1.027149319648743, 1.016643524169922, 1.0171148777008057], "binedges_eta": [-2.5, -2.0, -1.566, -1.444, -1.0, -0.5, 0.0, 0.5, 1.0, 1.444, 1.566, 2.0, 2.5], "binedges_pt": [10.0, 20.0, 45.0, 75.0, 100.0, 500.0]}