{"Ltm2p0": [0.02616777336785392, 0.01635623145493299, 0.00446799253870193, 0.00703050943360975, 0.027886860829604156], "m2p0tom1p57": [0.03517989806382413, 0.015288795268898365, 0.006287522512861562, 0.006668373536648374, 0.01960712167642831], "m1p57tom1p44": [1.0, 1.0, 1.0, 1.0, 1.0], "m1p44tom1p0": [0.024875554849892702, 0.020288149687649703, 0.004797806716929418, 0.007006369426751629, 0.014792774125102454], "m1p0tom0p5": [0.024875554849892702, 0.020288149687649703, 0.004797806716929418, 0.007006369426751629, 0.014792774125102454], "m0p5to0p0": [0.02473002104885797, 0.01479858495317023, 0.004353228487243456, 0.013015969189324786, 0.009768707238758528], "0p0to0p5": [0.02473002104885797, 0.01479858495317023, 0.004353228487243456, 0.013015969189324786, 0.009545465220012265], "0p5to1p0": [0.02473002104885797, 0.01479858495317023, 0.004353228487243456, 0.013015969189324786, 0.009545465220012265], "1p0to1p44": [0.024875554849892702, 0.020288149687649703, 0.004797806716929418, 0.007006369426751629, 0.014872536041539972], "1p44to1p57": [1.0, 1.0, 1.0, 1.0, 1.0], "1p57to2p0": [0.035091437424585585, 0.015288795268898365, 0.006287522512861562, 0.006668373536648374, 0.01951125317403671], "Gt2p0": [0.02616777336785392, 0.01635623145493299, 0.004268632426680296, 0.00703050943360975, 0.02770312170203876], "binedges_eta": [-2.5, -2.0, -1.566, -1.444, -1.0, -0.5, 0.0, 0.5, 1.0, 1.444, 1.566, 2.0, 2.5], "binedges_pt": [10.0, 20.0, 45.0, 75.0, 100.0, 500.0]}