{"Ltm2p0": [1.0916441679000854, 1.0106761455535889, 1.0117130279541016, 1.0107816457748413, 0.966002345085144], "m2p0tom1p57": [1.0168776512145996, 0.9846860766410828, 0.9909326434135436, 0.9987714886665344, 1.0162601470947266], "m1p57tom1p44": [1.0, 1.0, 1.0, 1.0, 1.0], "m1p44tom1p0": [1.0265251398086548, 0.977624773979187, 0.9739726185798644, 0.9745222926139832, 1.013110876083374], "m1p0tom0p5": [1.0265251398086548, 0.977624773979187, 0.9739726185798644, 0.9745222926139832, 1.013110876083374], "m0p5to0p0": [0.990867555141449, 0.9579439163208008, 0.9601542353630066, 0.9646772146224976, 0.989678919315338], "0p0to0p5": [1.0067113637924194, 0.9630200266838074, 0.9679487347602844, 0.9696969985961914, 0.9852440357208252], "0p5to1p0": [1.0067113637924194, 0.9630200266838074, 0.9679487347602844, 0.9696969985961914, 0.9852440357208252], "1p0to1p44": [1.0133689641952517, 0.9774305820465088, 0.9725651741027832, 0.9732484221458436, 0.9882352948188782], "1p44to1p57": [1.0, 1.0, 1.0, 1.0, 1.0], "1p57to2p0": [1.0269663333892822, 0.9828660488128662, 0.9870129823684692, 0.991411030292511, 1.0034443140029907], "Gt2p0": [1.1590296030044556, 1.0335097312927246, 1.0263543128967283, 1.0174965858459473, 1.0132211446762085], "binedges_eta": [-2.5, -2.0, -1.566, -1.444, -1.0, -0.5, 0.0, 0.5, 1.0, 1.444, 1.566, 2.0, 2.5], "binedges_pt": [10.0, 20.0, 45.0, 75.0, 100.0, 500.0]}