{"Ltm2p0": [0.03368549225344206, 0.017260376731547077, 0.003556187766714038, 0.006984327078012196, 0.016026029912648638], "m2p0tom1p57": [0.0325307577248288, 0.01517105501388604, 0.003933895343311433, 0.006807138969267214, 0.011654204111821134], "m1p57tom1p44": [1.0, 1.0, 1.0, 1.0, 1.0], "m1p44tom1p0": [0.028181037314139727, 0.014806520721825442, 0.004742096666855071, 0.00394144117836889, 0.013378660889379392], "m1p0tom0p5": [0.028181037314139727, 0.014806520721825442, 0.004742096666855071, 0.00394144117836889, 0.013378660889379392], "m0p5to0p0": [0.029468119250466353, 0.01373386650675436, 0.004173046167680377, 0.011779146430071295, 0.013236728504404336], "0p0to0p5": [0.029468119250466353, 0.01373386650675436, 0.004173046167680377, 0.011779146430071295, 0.013320871004361624], "0p5to1p0": [0.029468119250466353, 0.01373386650675436, 0.004173046167680377, 0.011779146430071295, 0.013320871004361624], "1p0to1p44": [0.028181037314139727, 0.014806520721825442, 0.004742096666855071, 0.00394144117836889, 0.013378660889379392], "1p44to1p57": [1.0, 1.0, 1.0, 1.0, 1.0], "1p57to2p0": [0.03243752711179699, 0.01517105501388604, 0.003933895343311433, 0.006807138969267214, 0.011654204111821134], "Gt2p0": [0.03368549225344206, 0.017260376731547077, 0.003556187766714038, 0.006984327078012196, 0.016026029912648638], "binedges_eta": [-2.5, -2.0, -1.566, -1.444, -1.0, -0.5, 0.0, 0.5, 1.0, 1.444, 1.566, 2.0, 2.5], "binedges_pt": [10.0, 20.0, 45.0, 75.0, 100.0, 500.0]}