{"Ltm2p0": [1.0546448230743408, 1.0, 0.9914893507957458, 0.9895012974739076, 0.9964454770088196], "m2p0tom1p57": [1.0105931758880615, 0.9728915691375732, 0.9770992398262024, 0.981796145439148, 0.9931740760803224], "m1p57tom1p44": [1.0, 1.0, 1.0, 1.0, 1.0], "m1p44tom1p0": [0.9777158498764038, 0.943493127822876, 0.94972825050354, 0.9517766237258912, 0.9858989715576172], "m1p0tom0p5": [0.9777158498764038, 0.943493127822876, 0.94972825050354, 0.9517766237258912, 0.9858989715576172], "m0p5to0p0": [0.9902912378311156, 0.953125, 0.9588159322738647, 0.959854006767273, 0.98392653465271], "0p0to0p5": [1.0, 0.9657320976257324, 0.9639175534248352, 0.9622871279716492, 1.0], "0p5to1p0": [1.0, 0.9657320976257324, 0.9639175534248352, 0.9622871279716492, 1.0], "1p0to1p44": [1.0056179761886597, 0.953125, 0.9572413563728333, 0.9626288414001464, 1.0071684122085571], "1p44to1p57": [1.0, 1.0, 1.0, 1.0, 1.0], "1p57to2p0": [0.9891067743301392, 0.9615975618362428, 0.9705505967140198, 0.9745454788208008, 0.9976984858512878], "Gt2p0": [1.0325202941894531, 0.9756521582603456, 0.9786019921302797, 0.9763157963752748, 0.9915459156036376], "binedges_eta": [-2.5, -2.0, -1.566, -1.444, -1.0, -0.5, 0.0, 0.5, 1.0, 1.444, 1.566, 2.0, 2.5], "binedges_pt": [10.0, 20.0, 45.0, 75.0, 100.0, 500.0]}