{
    "Data BCDEFG decay mode =  0": {
        "alpha": 12.596752467774726, 
        "m_{0}": 38.89527699865745, 
        "sigma": 7.411698487827285, 
        "norm": 0.9999999993079135, 
        "n": 1.3490745849639387
    }, 
    "Data BCDEFG decay mode =  1": {
        "alpha": 6.588804684077499, 
        "m_{0}": 36.92363764360216, 
        "sigma": 4.732560621761645, 
        "norm": 0.9999974627603567, 
        "n": 1.4392872858857384
    }, 
    "MC decay mode = 10": {
        "alpha": 1.8737531263200042, 
        "m_{0}": 39.789373778333605, 
        "sigma": 4.854142944010782, 
        "norm": 0.984715051721798, 
        "n": 122.24887475458246
    }, 
    "Data H decay mode =  0": {
        "alpha": 4.271982218890709, 
        "m_{0}": 39.008795902159434, 
        "sigma": 7.568554330996704, 
        "norm": 0.9641600391520946, 
        "n": 130.06142579066767
    }, 
    "Data H decay mode =  1": {
        "alpha": 5.754794981147809, 
        "m_{0}": 37.31632516091608, 
        "sigma": 5.592420638917534, 
        "norm": 0.9999999913623002, 
        "n": 2.080126333878199
    }, 
    "Data BCDEFG decay mode = 10": {
        "alpha": 5.260564511711671, 
        "m_{0}": 42.73781715752749, 
        "sigma": 6.510501702989886, 
        "norm": 0.9913866606398705, 
        "n": 137.8189729618691
    }, 
    "Data H decay mode = 10": {
        "alpha": 0.8050345444300755, 
        "m_{0}": 37.741736852664985, 
        "sigma": 3.79521697982606, 
        "norm": 0.9999998442577819, 
        "n": 14.391525993336492
    }, 
    "MC decay mode =  0": {
        "alpha": 9.794745060754297, 
        "m_{0}": 38.27940199328963, 
        "sigma": 6.729615453176329, 
        "norm": 0.9999999785470802, 
        "n": 1.6737602417606046
    }, 
    "MC decay mode =  1": {
        "alpha": 5.624376200267329, 
        "m_{0}": 36.36105488548351, 
        "sigma": 4.507689426812304, 
        "norm": 0.9999999636456097, 
        "n": 1.690796993525831
    }
}
